variables,pvalues
ACCTAGE,0.011364939
AGE,0.902545964
ATMAMT,4.05E-08
CCBAL,0.005457463
CDBAL,1.01E-20
s(CHECKS),0.006874546
CRSCORE,0.306008647
DDABAL,1.08E-16
DEP,3.23E-16
DEPAMT,0.233921933
HMVAL,0.164843614
INCOME,0.837703422
INVBAL,0.536030268
ILSBAL,0.011714293
IRABAL,0.013380591
LOCBAL,0.027174133
LORES,0.370089344
MMBAL,1.17E-24
MTGBAL,2.67E-04
NSFAMT,0.182572464
POS,0.367527828
POSAMT,0.507710801
PHONE,0.243349012
SAVBAL,6.23E-75
TELLER,8.39E-09