var,OR
DDA,0.35274359444360154
DIRDEP,0.7295441060132848
NSF,0.5453951317946238
SAV,1.8941437023709897
ATM,0.5797068235613179
CD,3.339815327792059
IRA,3.4460121985667067
LOC,1.1781869488535648
INV,3.4770770594737472
ILS,0.9267827852847592
MM,3.0570601851844628
MTG,1.1709335061673152
CC,1.7447500924943444
SDB,1.5321453347205953
HMOWN,1.0408128198569295
MOVED,0.8726463797788487
INAREA,0.570942459487373
